<?xml version="1.0" encoding="UTF-8"?>
<DocSetNodes version="1.0">
  <TOC>
    <Node>
      <Name>Root</Name>
      <Path>index.html</Path>
      <Subnodes>
       <Node>
        <Name>Class List</Name>
        <Path>annotated.html</Path>
        <Subnodes>
         <Node>
          <Name>GomezRum</Name>
          <Path>interface_gomez_rum.html</Path>
         </Node>
        </Subnodes>
       </Node>
       <Node>
        <Name>Class Index</Name>
        <Path>classes.html</Path>
       </Node>
       <Node>
        <Name>Class Members</Name>
        <Path>functions.html</Path>
       </Node>
      </Subnodes>
    </Node>
  </TOC>
</DocSetNodes>
