<?xml version="1.0" encoding="UTF-8"?>
<Tokens version="1.0">
  <Token>
    <TokenIdentifier>
      <Name>GomezRum</Name>
      <APILanguage>unknown</APILanguage>
      <Type>cl</Type>
      <Scope>GomezRum</Scope>
    </TokenIdentifier>
    <Path>interface_gomez_rum.html</Path>
    <DeclaredIn>GomezRum.h</DeclaredIn>
  </Token>
  <Token>
    <TokenIdentifier>
      <Name>monitor:</Name>
      <APILanguage>cpp</APILanguage>
      <Type>clm</Type>
      <Scope>GomezRum</Scope>
    </TokenIdentifier>
    <Path>interface_gomez_rum.html</Path>
    <Anchor>a3fccd3d01df63bc8e30c7f4c22b0dcd2</Anchor>
  </Token>
  <Token>
    <TokenIdentifier>
      <Name>monitor:applicationId:</Name>
      <APILanguage>cpp</APILanguage>
      <Type>clm</Type>
      <Scope>GomezRum</Scope>
    </TokenIdentifier>
    <Path>interface_gomez_rum.html</Path>
    <Anchor>ae83f4661f4ead237ccb57e707e98353c</Anchor>
  </Token>
  <Token>
    <TokenIdentifier>
      <Name>monitor:applicationId:groupId:</Name>
      <APILanguage>cpp</APILanguage>
      <Type>clm</Type>
      <Scope>GomezRum</Scope>
    </TokenIdentifier>
    <Path>interface_gomez_rum.html</Path>
    <Anchor>a848a2c1fd5f00ca7b2ef8b77d6644642</Anchor>
  </Token>
  <Token>
    <TokenIdentifier>
      <Name>monitor:applicationId:groupId:wrate:</Name>
      <APILanguage>cpp</APILanguage>
      <Type>clm</Type>
      <Scope>GomezRum</Scope>
    </TokenIdentifier>
    <Path>interface_gomez_rum.html</Path>
    <Anchor>aa8c384fd90e5f806b320c2ead3fb1073</Anchor>
  </Token>
  <Token>
    <TokenIdentifier>
      <Name>monitor:applicationId:groupId:wrate:num:</Name>
      <APILanguage>cpp</APILanguage>
      <Type>clm</Type>
      <Scope>GomezRum</Scope>
    </TokenIdentifier>
    <Path>interface_gomez_rum.html</Path>
    <Anchor>a11beac736383831db12c252adf87fc3b</Anchor>
  </Token>
  <Token>
    <TokenIdentifier>
      <Name>monitor:applicationId:groupId:wrate:num:sessionSuspendMaxTime:</Name>
      <APILanguage>cpp</APILanguage>
      <Type>clm</Type>
      <Scope>GomezRum</Scope>
    </TokenIdentifier>
    <Path>interface_gomez_rum.html</Path>
    <Anchor>a707ee8ebd3b37de72d88ccfa0aa4d4ed</Anchor>
  </Token>
  <Token>
    <TokenIdentifier>
      <Name>nameEvent:</Name>
      <APILanguage>cpp</APILanguage>
      <Type>clm</Type>
      <Scope>GomezRum</Scope>
    </TokenIdentifier>
    <Path>interface_gomez_rum.html</Path>
    <Anchor>af787aa06b1398f396003acb49fbc3684</Anchor>
  </Token>
  <Token>
    <TokenIdentifier>
      <Name>startInterval:</Name>
      <APILanguage>cpp</APILanguage>
      <Type>clm</Type>
      <Scope>GomezRum</Scope>
    </TokenIdentifier>
    <Path>interface_gomez_rum.html</Path>
    <Anchor>a68576f65065c62498abdb614c31c9cb1</Anchor>
  </Token>
  <Token>
    <TokenIdentifier>
      <Name>endInterval:</Name>
      <APILanguage>cpp</APILanguage>
      <Type>clm</Type>
      <Scope>GomezRum</Scope>
    </TokenIdentifier>
    <Path>interface_gomez_rum.html</Path>
    <Anchor>aa961189121d923894b553086246b11d5</Anchor>
  </Token>
  <Token>
    <TokenIdentifier>
      <Name>customValue:eventValue:</Name>
      <APILanguage>cpp</APILanguage>
      <Type>clm</Type>
      <Scope>GomezRum</Scope>
    </TokenIdentifier>
    <Path>interface_gomez_rum.html</Path>
    <Anchor>a3d034c93b7a16583d04230d6617edd5e</Anchor>
  </Token>
  <Token>
    <TokenIdentifier>
      <Name>getInSample</Name>
      <APILanguage>cpp</APILanguage>
      <Type>clm</Type>
      <Scope>GomezRum</Scope>
    </TokenIdentifier>
    <Path>interface_gomez_rum.html</Path>
    <Anchor>a0e00dfafcb551aa65e6bf4498f536d24</Anchor>
  </Token>
  <Token>
    <TokenIdentifier>
      <Name>getAccountName</Name>
      <APILanguage>cpp</APILanguage>
      <Type>clm</Type>
      <Scope>GomezRum</Scope>
    </TokenIdentifier>
    <Path>interface_gomez_rum.html</Path>
    <Anchor>ad5843970debe1d36ce4fa37d026cd46d</Anchor>
  </Token>
  <Token>
    <TokenIdentifier>
      <Name>getApplicationId</Name>
      <APILanguage>cpp</APILanguage>
      <Type>clm</Type>
      <Scope>GomezRum</Scope>
    </TokenIdentifier>
    <Path>interface_gomez_rum.html</Path>
    <Anchor>a877218980b4ab52f99857c845db44dcc</Anchor>
  </Token>
  <Token>
    <TokenIdentifier>
      <Name>getGroupId</Name>
      <APILanguage>cpp</APILanguage>
      <Type>clm</Type>
      <Scope>GomezRum</Scope>
    </TokenIdentifier>
    <Path>interface_gomez_rum.html</Path>
    <Anchor>a1ffd63d3ab028ba6639044c285a26ef8</Anchor>
  </Token>
  <Token>
    <TokenIdentifier>
      <Name>getWRate</Name>
      <APILanguage>cpp</APILanguage>
      <Type>clm</Type>
      <Scope>GomezRum</Scope>
    </TokenIdentifier>
    <Path>interface_gomez_rum.html</Path>
    <Anchor>af6792871602dd08931a85626540c6c09</Anchor>
  </Token>
  <Token>
    <TokenIdentifier>
      <Name>getGpsLocation</Name>
      <APILanguage>cpp</APILanguage>
      <Type>clm</Type>
      <Scope>GomezRum</Scope>
    </TokenIdentifier>
    <Path>interface_gomez_rum.html</Path>
    <Anchor>ab87782815fd7618d72952977ebd6db79</Anchor>
  </Token>
  <Token>
    <TokenIdentifier>
      <Name>setGpsLocation:</Name>
      <APILanguage>cpp</APILanguage>
      <Type>clm</Type>
      <Scope>GomezRum</Scope>
    </TokenIdentifier>
    <Path>interface_gomez_rum.html</Path>
    <Anchor>a919840cc8b70b6e0df464e7ba69be453</Anchor>
  </Token>
  <Token>
    <TokenIdentifier>
      <Name>getNum</Name>
      <APILanguage>cpp</APILanguage>
      <Type>clm</Type>
      <Scope>GomezRum</Scope>
    </TokenIdentifier>
    <Path>interface_gomez_rum.html</Path>
    <Anchor>ae462b9a99beb16b4d37cd682131f1648</Anchor>
  </Token>
  <Token>
    <TokenIdentifier>
      <Name>getSessionSuspendMaxTime</Name>
      <APILanguage>cpp</APILanguage>
      <Type>clm</Type>
      <Scope>GomezRum</Scope>
    </TokenIdentifier>
    <Path>interface_gomez_rum.html</Path>
    <Anchor>a50999a7dea90399a109280f2ed9428f9</Anchor>
  </Token>
  <Token>
    <TokenIdentifier>
      <Name>getLastErrorCode</Name>
      <APILanguage>cpp</APILanguage>
      <Type>clm</Type>
      <Scope>GomezRum</Scope>
    </TokenIdentifier>
    <Path>interface_gomez_rum.html</Path>
    <Anchor>a431e3896fc883ccfaf1ea6540187a56d</Anchor>
  </Token>
  <Token>
    <TokenIdentifier>
      <Name>getLastErrorMsg</Name>
      <APILanguage>cpp</APILanguage>
      <Type>clm</Type>
      <Scope>GomezRum</Scope>
    </TokenIdentifier>
    <Path>interface_gomez_rum.html</Path>
    <Anchor>a3da51548fcdabcdf1b463dee72447f00</Anchor>
  </Token>
</Tokens>
